-- phpMyAdmin SQL Dump
-- version 5.0.4
-- https://www.phpmyadmin.net/
--
-- Host: 127.0.0.1
-- Generation Time: Mar 04, 2021 at 10:05 AM
-- Server version: 10.4.17-MariaDB
-- PHP Version: 8.0.0

SET SQL_MODE = "NO_AUTO_VALUE_ON_ZERO";
START TRANSACTION;
SET time_zone = "+00:00";


/*!40101 SET @OLD_CHARACTER_SET_CLIENT=@@CHARACTER_SET_CLIENT */;
/*!40101 SET @OLD_CHARACTER_SET_RESULTS=@@CHARACTER_SET_RESULTS */;
/*!40101 SET @OLD_COLLATION_CONNECTION=@@COLLATION_CONNECTION */;
/*!40101 SET NAMES utf8mb4 */;

--
-- Database: `sbd`
--

-- --------------------------------------------------------

--
-- Table structure for table `dosen`
--

CREATE TABLE `dosen` (
  `NIP` varchar(9) NOT NULL,
  `Nama_dosen` varchar(59) NOT NULL,
  `Kode_dosen` varchar(3) NOT NULL,
  `Alamat_dosen` varchar(9) NOT NULL
) ENGINE=InnoDB DEFAULT CHARSET=utf8mb4;

--
-- Dumping data for table `dosen`
--

INSERT INTO `dosen` (`NIP`, `Nama_dosen`, `Kode_dosen`, `Alamat_dosen`) VALUES
('10730006', 'Dr. ADHI PRASETIO, S.T., M.M.', 'ADP', 'Bandung'),
('10740051', 'Dr. Ir. NORA AMELDA RIZAL, M.Sc., M.M.', 'NAR', 'Bandung'),
('10770063', 'DUDI PRATOMO, S.E.T., M.Ak., Ph.D.', 'DPO', 'Bogor'),
('10780031', 'JURRY HATAMMIMI, S.E., M.M., Ph.D.', 'JHM', 'Bekasi'),
('10780055', 'DAMAYANTI OCTAVIA, S.E., M.M.', 'DYA', 'Bogor'),
('10790015', 'Dr. ASTRIE KRISNAWATI, S.Sos., MSi.M.', 'KRS', 'Bandung'),
('10800002', 'HEPPY MILLANYANI, S.Sos., M.M., Ph.D.', 'HPY', 'Aceh'),
('10810037', 'KHAIRANI RATNASARI SIREGAR, S.Si.,M.T., Ph.D.', 'KRS', 'Lombok'),
('10840006', 'RR. RIEKA F. HUTAMI, S.M.B., M.M.', 'RFH', 'Bandung'),
('10850035', 'Dr. NIDYA DUDIJA, S.Psi., M.A.', 'NDU', 'Bogor'),
('11630001', 'Dr. MAJIDAH, S.E., M.Si.', 'MJH', 'Manado'),
('11770007', 'ARY FERDIAN, S.T., M.M.', 'FER', 'Lombok'),
('12651026', 'Dr. Ir. RINA DJUNITA PASARIBU, M. Sc., CPM.', 'RDP', 'Bekasi'),
('12721026', 'Dr. KIKI SUDIANA, S.T., M.M, GPHR.', 'KSA', 'Bandung'),
('12730046', 'Dr. NURVITA TRIANASARI, S.Si., M.Stat.', 'NTR', 'Bogor'),
('12810076', 'MUHAMMAD AZHARI, S.E., M.B.A.', 'MAZ', 'Bogor'),
('13560013', 'Ir. SOEPARWOTO DHARMOPUTRA, M.B.T.', 'SDH', 'Depok'),
('13630031', 'Ir. CANDIWAN, S.T., M.ICT.', 'CND', 'Depok'),
('13670015', 'Dr. Drs. ARIF PARTONO PRASETIO, M.M., CPHR.', 'APP', 'Bekasi'),
('13680003', 'Dr. MUHAMMAD AWALUDDIN, S.T., M.B.A.', 'MAD', 'Bogor'),
('13710043', 'Dr. ANDRY ALAMSYAH, S.Si., M.Sc.', 'AND', 'Bogor'),
('13730060', 'ELVIRA AZIS, S.E., M.T.', 'EVR', 'Medan'),
('13780036', 'EKA YULIANA, S.T., M.S.M.', 'EKA', 'Depok'),
('13780041', 'OSA OMAR SHARIF, S.Si., M.S.M.', 'OMS', 'Depok'),
('13810023', 'Dr. IRNI YUNITA, S.T., M.M.', 'IRY', 'Bogor'),
('13850022', 'PUSPITA KENCANA SARI, S.Kom., M.T.I.', 'PKC', 'Bogor'),
('13860062', 'FARAH ALFANUR, S.Si., M.S.M., M.Eng.', 'FAR', 'Manado'),
('13890067', 'DINDA AMANDA ZULIESTIANA, S.E., M.M.', 'DAZ', 'Bekasi'),
('14550007', 'Dr. HERRY KUSAERY, S.H., M.Kn., M.Ag.', 'HRK', 'Medan'),
('14580005', 'Dr. HENDRATNO, S.E., Akt., M.M.', 'HEN', 'Depok'),
('14590001', 'Dr. Ir. ACHMAD MANSHUR ALI SUYANTO, M.B.A., D.B.A.', 'AMA', 'Jakarta'),
('14680002', 'Dr. FARIDA TITIK KRISTANTI, S.E., M.Si.', 'FTK', 'Bekasi'),
('14700034', 'Dr. LENY SUZAN, S.E., M.Si.', 'LSN', 'Aceh'),
('14720002', 'DINI WAHJOE HAPSARI, S.E., M.Si., Ak.', 'DWH', 'Lombok'),
('14770009', 'SRI RAHAYU, S.E., M.Ak., Ak., CA.', 'SRY', 'Depok'),
('14780054', 'KRISHNA KUSUMAHADI, B.Sc., M.M.', 'KKH', 'Depok'),
('14790009', 'ELLA JAUVANI SAGALA, S.Psi., M.Sc.Psikolog.', 'ELA', 'Aceh'),
('147900541', 'DEWA PUTRA KRISHNA MAHARDIKA, S.E., M.Si., CFA., FRM.', 'DPK', 'Depok'),
('14800010', 'MOHAMAD RAFKI NAZAR, S.E., M.Sc.', 'MRN', 'Medan'),
('14800017', 'KHAIRUNNISA, S.E., M.M.', 'KNN', 'Bandung'),
('14800037', 'Dr. ASTRI GHINA, S.Si., M.S.M.', 'GHN', 'Bandung'),
('14810012', 'MEDIANY KRISEKA PUTRI, S.K.G., M.B.A.', 'MKP', 'Aceh'),
('14810038', 'SISCA EKA FITRIA, S.T., M.M.', 'SEF', 'Bogor'),
('14820051', 'RISRIS RISMAYANI, S.M.B., S.Pd., M.M.', 'RRM', 'Lombok'),
('14820065', 'FAJAR SIDIQ ADI PRABOWO, S.E., M.A.B.', 'FJR', 'Bandung'),
('14850019', 'SISKA PRIYANDANI YUDOWATI, S.E., M.B.A.', 'SPY', 'Bogor'),
('14860090', 'GRISNA ANGGADWITA, S.T., M.S.M.', 'GGA', 'Bandung'),
('14870046', 'ALDILLA IRADIANTY, S.E., M.M.', 'IRA', 'Depok'),
('14870053', 'Dr. ANISAH FIRLI, S.M.B., M.M.', 'ANF', 'Bogor'),
('14870092', 'HANI GITA AYUNINGTIAS, S.Psi., M.M.', 'HGA', 'Bogor'),
('15780021', 'Dr. MARIA APSARI SUGIAT, S.E.Ak., M.M.', 'MAT', 'Depok'),
('15830007', 'MOCHAMAD YUDHA FEBRIANTA, S.T., M.M.', 'MYF', 'Bengkulu'),
('15850065', 'DEDIK NUR TRIYANTO, S.E., M.Acc.', 'DNT', 'Bandung'),
('15890044', 'EVA NURHAZIZAH, S.T., M.M.', 'EVA', 'Padang'),
('15890059', 'ANNISA NURBAITI, S.E., M.Si.', 'ANN', 'Bogor'),
('15890069', 'GINA GONIAH, S.ST., M.M.', 'GGN', 'Bandung'),
('16600001', 'Dra. DJUSNIMAR ZULTILISNA, Akt., M.M.', 'DJU', 'Bandung'),
('1680016', 'Dr. Ir. RATNA LINDAWATI LUBIS, M.M.', 'RLU', 'Bandung'),
('1770028', 'PUSPITA WULANSARI, S.P., M.M., Ph.D.', 'PWS', 'Manado'),
('19670002', 'ELLY SURYANI, S.E., M.Si., Ak., CA., CPA.', 'ELY', 'Bengkulu'),
('19720003', 'Dr. EDI WITJARA, S.T., M.H.', 'EDI', 'Depok'),
('19740004', 'KURNIA, S.AB., M.M.', 'KRA', 'Depok'),
('19760001', 'Dr. NIA RIANA, S.E., M.M.', 'NRI', 'Bogor'),
('198800143', 'FEBRIAL PRATAMA, S.E., M.A.', 'FEB', 'Medan'),
('19920021', 'ARDAN GANI ASALAM, S.E., M.Ak., BKP.', 'AGS', 'Bogor'),
('20670001', 'Dr. DIAN INDIYATI, S.H., S.E., M.Si.', 'DID', 'Jakarta'),
('20680001', 'KOENTA ADJI KOERNIAWAN, AK.,M.M.,BKP.,CPA.,CA.,M.AK.', 'KAK', 'Bogor'),
('20710002', 'RR. SRI SARASWATI, SE.,Ak., M.Ak.', 'SSR', 'Bogor'),
('20740001', 'HILDA SALMAN SAID, S.E., M.Si., Ak., CA., CPA.', 'HSS', 'Pekanbaru'),
('20860001', 'Dr. FAJRA OCTRINA, S.E., M.M.', 'FAJ', 'Palembang'),
('20880020', 'OSPHANIE MENTARI PRIMADIANTI, S.T., M.T.', 'OMP', 'Depok'),
('20930055', 'RURI OCTARI DINATA, S.E., M.Ak.', 'ROD', 'Bogor'),
('20940032', 'AJENG LUTHFIYATUL FARIDA. S.E., M.Ak.', 'ALF', 'Manado'),
('20970029', 'DIAN PUTERI RAMADHANI, S.M., M.M.', 'DPR', 'Bekasi'),
('2620020', 'Dr. BRADY RIKUMAHU, S.E., M.B.A.', 'BRK', 'Bogor'),
('2760025', 'ABDULLAH, S.Pd., M.M.', 'ABD', 'Bandung'),
('6430001', 'Prof. Dr. HIRO TUGIMAN, Ak., QIA.', 'HTM', 'Bogor'),
('6730013', 'HERRY IRAWAN, ST., M.M., M.T.', 'HRY', 'Bengkulu'),
('6760014', 'REFI RIFALDI WINDYA GIRI, S.T., M.B.A.', 'RWG', 'Jakarta'),
('680024', 'Dr. DADAN RAHADIAN, S.T., M.M.', 'DDN', 'Aceh'),
('700027', 'Dr. Drs. PALTI MT. SITORUS, M.M.', 'PSS', 'Aceh'),
('7540007', 'Dr. GADANG RAMANTOKO, Ir. DEA.', 'GDG', 'Lombok'),
('760013', 'Dr. DEDEN SYARIF HIDAYATULLOH, S.Ag., M.Pd.I.', 'DSH', 'Makassar'),
('8730016', 'Dr. MAYA ARIYANTI, S.E., M.M.', 'MYA', 'Depok'),
('8730028', 'Dr. HELNI MUTIARSIH JUMHUR, S.H., M.Hum.', 'HMJ', 'Depok'),
('8750024', 'LIA YULDINAWATI, S.T., M.M.', 'LYW', 'Bogor'),
('8780003', 'Dr. FETTY POERWITA SARY, S.S., M.Pd.', 'FTY', 'Bekasi'),
('8780059', 'SISKA NOVIARISTANTI, S.Si., M.T, Ph.D.', 'SNO', 'Bandung'),
('8780061', 'MUHAMAD MUSLIH, S.E., M.M., CSRA.', 'MMS', 'Pekanbaru'),
('8790035', 'DEANNES ISYNUWARDHANA, S.E., M.M., Ph.D.', 'DNS', 'Manado'),
('8800005', 'INDIRA RACHMAWATI, S.T., M.S.M., Ph.D.', 'IRR', 'Bogor'),
('8810047', 'Dr. RATRI WAHYUNINGTYAS, S.T., M.M.', 'RWT', 'Depok'),
('8820021', 'ERNI MARTINI, S.Sos., M.M.', 'EMR', 'Pekanbaru'),
('8820025', 'SRI WIDIYANESTI, S.T., M.M., Ph.D.', 'SWY', 'Aceh'),
('8830052', 'Dr. CAHYANINGSIH, S.E., Ak., M.Si.', 'CYN', 'Depok'),
('8850090', 'RATIH HENDAYANI, S.T., M.M., Ph.D.', 'RHH', 'Makassar'),
('8860064', 'ANDRIETA SHINTIA DEWI, S.Pd., M.M.', 'ASD', 'Bekasi'),
('90660010', 'Dra. INDRAWATI, M.M., Ph.D.', 'INR', 'Bogor'),
('93670009', 'Ir. DODIE TRICAHYONO, M.M., Ph.D.', 'DDI', 'Bandung'),
('9750016', 'Dr. RIKO HENDRAWAN, ACP.,CACP.,CFC.,CRMP., CRGP.,CSCP.,QIA.', 'RHW', 'Bekasi');

-- --------------------------------------------------------

--
-- Table structure for table `dsn`
--

CREATE TABLE `dsn` (
  `NIP` varchar(9) NOT NULL,
  `Kode_mk` varchar(7) NOT NULL
) ENGINE=InnoDB DEFAULT CHARSET=utf8mb4;

--
-- Dumping data for table `dsn`
--

INSERT INTO `dsn` (`NIP`, `Kode_mk`) VALUES
('2760025', 'UKI-1C2'),
('14590001', 'UKI-1C2'),
('10730006', 'UKI-1C2'),
('20940032', 'UKI-1C2'),
('14870046', 'UKI-1C2'),
('8860064', 'UKI-1C2'),
('13710043', 'UKI-1C2'),
('14870053', 'UKI-1C2'),
('15890059', 'UKI-1B2'),
('19920021', 'UKI-1B2'),
('13670015', 'UKI-1B2'),
('11770007', 'UKI-1B2'),
('14800037', 'UKI-1B2'),
('10790015', 'UKI-1B2'),
('2620020', 'UKI-1B2'),
('8830052', 'CII-1A3'),
('13630031', 'CII-1A3'),
('680024', 'CII-1A3'),
('10780055', 'CII-1A3'),
('8790035', 'CII-1A3'),
('760013', 'CII-1A3'),
('15850065', 'CII-1A3'),
('147900541', 'CII-1A3'),
('20670001', 'CII-1B3'),
('20970029', 'CII-1B3'),
('13890067', 'CII-1B3'),
('14720002', 'CII-1B3'),
('16600001', 'CII-1B3'),
('93670009', 'CII-1B3'),
('10770063', 'CII-1B3'),
('19720003', 'CII-1C2'),
('13780036', 'CII-1C2'),
('14790009', 'CII-1C2'),
('19670002', 'CII-1C2'),
('13730060', 'CII-1C2'),
('8820021', 'CII-1C2'),
('15890044', 'CII-1C2'),
('14820065', 'CII-1C2'),
('20860001', 'CII-1C2'),
('13860062', 'CII-1C2'),
('14680002', 'CII-1D3'),
('198800143', 'CII-1D3'),
('8780003', 'CII-1D3'),
('7540007', 'CII-1D3'),
('15890069', 'CII-1D3'),
('14860090', 'CII-1D3'),
('14870092', 'CII-1D3'),
('8730028', 'CII-1D3'),
('14580005', 'CII-1D3'),
('10800002', 'CII-1E3'),
('6730013', 'CII-1E3'),
('14550007', 'CII-1E3'),
('20740001', 'CII-1E3'),
('6430001', 'CII-1E3'),
('8800005', 'CII-1E3'),
('90660010', 'CII-1E3'),
('13810023', 'CII-1E3'),
('10780031', 'CII-1E3'),
('10810037', 'UAI-1_2'),
('14800017', 'UAI-1_2'),
('12721026', 'UAI-1_2'),
('20680001', 'UAI-1_2'),
('14780054', 'UAI-1_2'),
('19740004', 'UAI-1_2'),
('14700034', 'UAI-1_2'),
('8750024', 'UAI-1_2'),
('11630001', 'UWI-1A2'),
('15780021', 'UWI-1A2'),
('8730016', 'UWI-1A2'),
('14810012', 'UWI-1A2'),
('15830007', 'UWI-1A2'),
('14800010', 'UWI-1A2'),
('8780061', 'UWI-1A2'),
('13680003', 'UWI-1A2'),
('12810076', 'UWI-1A2'),
('19760001', 'CII-1F4'),
('10850035', 'CII-1F4'),
('10740051', 'CII-1F4'),
('12730046', 'CII-1F4'),
('13780041', 'CII-1F4'),
('20880020', 'CII-1F4'),
('700027', 'CII-1F4'),
('13850022', 'CII-1F4'),
('1770028', 'CII-1F4'),
('8850090', 'CII-1G3'),
('1680016', 'CII-1G3'),
('8810047', 'CII-1G3'),
('6760014', 'CII-1G3'),
('9750016', 'CII-1G3'),
('12651026', 'CII-1G3'),
('14820051', 'CII-1G3'),
('10840006', 'CII-1G3'),
('20710002', 'CII-1H3'),
('20930055', 'CII-1H3'),
('14810038', 'CII-1H3'),
('8780059', 'CII-1H3'),
('14850019', 'CII-1H3'),
('13560013', 'CII-1H3'),
('14770009', 'CII-1H3'),
('8820025', 'CII-1H3'),
('2760025', 'CII-1I3'),
('14590001', 'CII-1I3'),
('10730006', 'CII-1I3'),
('20940032', 'CII-1I3'),
('14870046', 'CII-1I3'),
('8860064', 'CII-1I3'),
('13710043', 'CII-1I3'),
('14870053', 'CII-1I3'),
('15890059', 'CII-1I3'),
('19920021', 'CII-1J3'),
('13670015', 'CII-1J3'),
('11770007', 'CII-1J3'),
('14800037', 'CII-1J3'),
('10790015', 'CII-1J3'),
('2620020', 'CII-1J3'),
('8830052', 'CII-1J3'),
('13630031', 'CII-1J3'),
('680024', 'CII-2A3'),
('10780055', 'CII-2A3'),
('8790035', 'CII-2A3'),
('760013', 'CII-2A3'),
('15850065', 'CII-2A3'),
('147900541', 'CII-2A3'),
('20670001', 'CII-2A3'),
('20970029', 'CII-2A3'),
('13890067', 'CII-2B4'),
('14720002', 'CII-2B4'),
('16600001', 'CII-2B4'),
('93670009', 'CII-2B4'),
('10770063', 'CII-2B4'),
('19720003', 'CII-2B4'),
('13780036', 'CII-2B4'),
('14790009', 'CII-2B4'),
('19670002', 'CII-2B4'),
('13730060', 'CII-2B4'),
('8820021', 'CII-2C2'),
('15890044', 'CII-2C2'),
('14820065', 'CII-2C2'),
('20860001', 'CII-2C2'),
('13860062', 'CII-2C2'),
('14680002', 'CII-2C2'),
('198800143', 'CII-2C2'),
('8780003', 'CII-2C2'),
('7540007', 'CII-2C2'),
('15890069', 'CII-2D3'),
('14860090', 'CII-2D3'),
('14870092', 'CII-2D3'),
('8730028', 'CII-2D3'),
('14580005', 'CII-2D3'),
('10800002', 'CII-2D3'),
('6730013', 'CII-2D3'),
('14550007', 'CII-2D3'),
('20740001', 'CII-2D3'),
('6430001', 'CII-2E2'),
('8800005', 'CII-2E2'),
('90660010', 'CII-2E2'),
('13810023', 'CII-2E2'),
('10780031', 'CII-2E2'),
('10810037', 'CII-2E2'),
('14800017', 'CII-2E2'),
('12721026', 'CII-2E2'),
('20680001', 'CII-2F3'),
('14780054', 'CII-2F3'),
('19740004', 'CII-2F3'),
('14700034', 'CII-2F3'),
('8750024', 'CII-2F3'),
('11630001', 'CII-2F3'),
('15780021', 'CII-2F3'),
('8730016', 'CII-2F3'),
('14810012', 'CII-2F3'),
('15830007', 'CII-2G3'),
('14800010', 'CII-2G3'),
('8780061', 'CII-2G3'),
('13680003', 'CII-2G3'),
('12810076', 'CII-2G3'),
('19760001', 'CII-2G3'),
('10850035', 'CII-2G3'),
('10740051', 'CII-2G3'),
('12730046', 'CII-2G3'),
('13780041', 'CII-2G3'),
('20880020', 'UKI-2A2'),
('700027', 'UKI-2A2'),
('13850022', 'UKI-2A2'),
('1770028', 'UKI-2A2'),
('8850090', 'UKI-2A2'),
('1680016', 'UKI-2A2'),
('8810047', 'UKI-2A2'),
('6760014', 'UKI-2A2'),
('9750016', 'FEH2D2'),
('12651026', 'FEH2D2'),
('14820051', 'FEH2D2'),
('10840006', 'FEH2D2'),
('20710002', 'FEH2D2'),
('20930055', 'FEH2D2'),
('14810038', 'FEH2D2'),
('8780059', 'FEH2D2'),
('14850019', 'CII-2H3'),
('13560013', 'CII-2H3'),
('14770009', 'CII-2H3'),
('8820025', 'CII-2H3'),
('2760025', 'CII-2H3'),
('14590001', 'CII-2H3'),
('10730006', 'CII-2H3'),
('20940032', 'CII-2H3'),
('14870046', 'CII-2I2'),
('8860064', 'CII-2I2'),
('13710043', 'CII-2I2'),
('14870053', 'CII-2I2'),
('15890059', 'CII-2I2'),
('19920021', 'CII-2I2'),
('13670015', 'CII-2I2'),
('11770007', 'CII-2I2'),
('14800037', 'CII-2J4'),
('10790015', 'CII-2J4'),
('2620020', 'CII-2J4'),
('8830052', 'CII-2J4'),
('13630031', 'CII-2J4'),
('680024', 'CII-2J4'),
('10780055', 'CII-2J4'),
('8790035', 'CII-2J4'),
('760013', 'CII-2K3'),
('15850065', 'CII-2K3'),
('147900541', 'CII-2K3'),
('20670001', 'CII-2K3'),
('20970029', 'CII-2K3'),
('13890067', 'CII-2K3'),
('14720002', 'CII-2K3'),
('16600001', 'CII-2L3'),
('93670009', 'CII-2L3'),
('10770063', 'CII-2L3'),
('19720003', 'CII-2L3'),
('13780036', 'CII-2L3'),
('14790009', 'CII-2L3'),
('19670002', 'CII-2L3'),
('13730060', 'CII-2L3'),
('8820021', 'CII-2M3'),
('15890044', 'CII-2M3'),
('14820065', 'CII-2M3'),
('20860001', 'CII-2M3'),
('13860062', 'CII-2M3'),
('14680002', 'CII-2M3'),
('198800143', 'CII-2M3'),
('8780003', 'UWI-3A2'),
('7540007', 'UWI-3A2'),
('15890069', 'UWI-3A2'),
('14860090', 'UWI-3A2'),
('14870092', 'UWI-3A2'),
('8730028', 'UWI-3A2'),
('14580005', 'UWI-3A2'),
('10800002', 'UWI-3A2'),
('6730013', 'UWI-3A2'),
('14550007', 'CII-3A3'),
('20740001', 'CII-3A3'),
('6430001', 'CII-3A3'),
('8800005', 'CII-3A3'),
('90660010', 'CII-3A3'),
('13810023', 'CII-3A3'),
('10780031', 'CII-3A3'),
('10810037', 'CII-3A3'),
('14800017', 'CII-3A3'),
('12721026', 'CII-3B4'),
('20680001', 'CII-3B4'),
('14780054', 'CII-3B4'),
('19740004', 'CII-3B4'),
('14700034', 'CII-3B4'),
('8750024', 'CII-3B4'),
('11630001', 'CII-3B4'),
('15780021', 'CII-3B4'),
('8730016', 'CII-3B4'),
('14810012', 'CII-3C3'),
('15830007', 'CII-3C3'),
('14800010', 'CII-3C3'),
('8780061', 'CII-3C3'),
('13680003', 'CII-3C3'),
('12810076', 'CII-3C3'),
('19760001', 'CII-3D4'),
('10850035', 'CII-3D4'),
('10740051', 'CII-3D4'),
('12730046', 'CII-3D4'),
('13780041', 'CII-3D4'),
('20880020', 'CII-3D4'),
('700027', 'CII-3D4'),
('13850022', 'CII-3D4'),
('1770028', 'CII-3E3'),
('8850090', 'CII-3E3'),
('1680016', 'CII-3E3'),
('8810047', 'CII-3E3'),
('6760014', 'CII-3E3'),
('9750016', 'CII-3E3'),
('12651026', 'CII-3E3'),
('14820051', 'CII-3F1'),
('10840006', 'CII-3F1'),
('20710002', 'CII-3F1'),
('20930055', 'CII-3F1'),
('14810038', 'CII-3F1'),
('8780059', 'CII-3F1'),
('14850019', 'CII-3F1'),
('13560013', 'CII-3G3'),
('14770009', 'CII-3G3'),
('8820025', 'CII-3G3'),
('2760025', 'CII-3G3'),
('14590001', 'CII-3G3'),
('10730006', 'CII-3G3'),
('20940032', 'CII-3G3'),
('14870046', 'CII-3G3'),
('8860064', 'CII-3H4'),
('13710043', 'CII-3H4'),
('14870053', 'CII-3H4'),
('15890059', 'CII-3H4'),
('19920021', 'CII-3H4'),
('13670015', 'CII-3H4'),
('11770007', 'CII-3H4'),
('14800037', 'CII-3H4'),
('10790015', 'CII-3H4'),
('2620020', 'CII-3I3'),
('8830052', 'CII-3I3'),
('13630031', 'CII-3I3'),
('680024', 'CII-3I3'),
('10780055', 'CII-3I3'),
('8790035', 'CII-3I3'),
('760013', 'CII-3I3'),
('15850065', 'CII-3I3'),
('147900541', 'CII-3J4'),
('20670001', 'CII-3J4'),
('20970029', 'CII-3J4'),
('13890067', 'CII-3J4'),
('14720002', 'CII-3J4'),
('16600001', 'CII-3J4'),
('93670009', 'CII-3J4'),
('10770063', 'CII-3J4'),
('19720003', 'CII-3K2'),
('13780036', 'CII-3K2'),
('14790009', 'CII-3K2'),
('19670002', 'CII-3K2'),
('13730060', 'CII-3K2'),
('8820021', 'CII-3K2'),
('15890044', 'CII-3K2'),
('14820065', 'CII-4A2'),
('20860001', 'CII-4A2'),
('13860062', 'CII-4A2'),
('14680002', 'CII-4A2'),
('198800143', 'CII-4A2'),
('8780003', 'CII-4A2'),
('7540007', 'CII-4A2'),
('15890069', 'CII-4A2'),
('14860090', 'CII-4B3'),
('14870092', 'CII-4B3'),
('8730028', 'CII-4B3'),
('14580005', 'CII-4B3'),
('10800002', 'CII-4B3'),
('6730013', 'CII-4B3'),
('14550007', 'CII-4B3'),
('20740001', 'CII-4B3'),
('6430001', 'CII-4C3'),
('8800005', 'CII-4C3'),
('90660010', 'CII-4C3'),
('13810023', 'CII-4C3'),
('10780031', 'CII-4C3'),
('10810037', 'CII-4C3'),
('14800017', 'CII-4C3'),
('12721026', 'CII-4D3'),
('20680001', 'CII-4D3'),
('14780054', 'CII-4D3'),
('19740004', 'CII-4D3'),
('14700034', 'CII-4D3'),
('8750024', 'CII-4D3'),
('11630001', 'CII-4D3'),
('15780021', 'CII-4D3'),
('8730016', 'CII-4D3'),
('14810012', 'CII-4D3'),
('15830007', 'CII-3L3'),
('14800010', 'CII-3L3'),
('8780061', 'CII-3L3'),
('13680003', 'CII-3L3'),
('12810076', 'CII-3L3'),
('19760001', 'CII-3L3'),
('10850035', 'CII-3L3'),
('10740051', 'CII-3L3'),
('12730046', 'CII-3M3'),
('13780041', 'CII-3M3'),
('20880020', 'CII-3M3'),
('700027', 'CII-3M3'),
('13850022', 'CII-3M3'),
('1770028', 'CII-3M3'),
('8850090', 'CII-3M3'),
('1680016', 'CII-3N3'),
('8810047', 'CII-3N3'),
('6760014', 'CII-3N3'),
('9750016', 'CII-3N3'),
('12651026', 'CII-3N3'),
('14820051', 'CII-3N3'),
('10840006', 'CII-3N3'),
('20710002', 'CII-3N3'),
('20930055', 'CII-3N3'),
('14810038', 'CII-3O3'),
('8780059', 'CII-3O3'),
('14850019', 'CII-3O3'),
('13560013', 'CII-3O3'),
('14770009', 'CII-3O3'),
('8820025', 'CII-3O3'),
('2760025', 'CII-3O3'),
('14590001', 'CII-3O3'),
('10730006', 'CII-3P3'),
('20940032', 'CII-3P3'),
('14870046', 'CII-3P3'),
('8860064', 'CII-3P3'),
('13710043', 'CII-3P3'),
('14870053', 'CII-3P3'),
('15890059', 'CII-3P3'),
('19920021', 'CII-4F3'),
('13670015', 'CII-4F3'),
('11770007', 'CII-4F3'),
('14800037', 'CII-4F3'),
('10790015', 'CII-4F3'),
('2620020', 'CII-4F3'),
('8830052', 'CII-4F3'),
('13630031', 'CII-4F3'),
('680024', 'CII-4G3'),
('10780055', 'CII-4G3'),
('8790035', 'CII-4G3'),
('760013', 'CII-4G3'),
('15850065', 'CII-4G3'),
('147900541', 'CII-4G3'),
('20670001', 'CII-4G3'),
('20970029', 'CII-4H3'),
('13890067', 'CII-4H3'),
('14720002', 'CII-4H3'),
('16600001', 'CII-4H3'),
('93670009', 'CII-4H3'),
('10770063', 'CII-4H3'),
('19720003', 'CII-4H3'),
('13780036', 'CII-4H3'),
('14790009', 'CII-4I3'),
('19670002', 'CII-4I3'),
('13730060', 'CII-4I3'),
('8820021', 'CII-4I3'),
('15890044', 'CII-4I3'),
('14820065', 'CII-4I3'),
('20860001', 'CII-4I3'),
('13860062', 'CII-4J3'),
('14680002', 'CII-4J3'),
('198800143', 'CII-4J3'),
('8780003', 'CII-4J3'),
('7540007', 'CII-4J3'),
('15890069', 'CII-4J3'),
('14860090', 'CII-4J3'),
('14870092', 'CII-4J3'),
('8730028', 'CII-4K3'),
('14580005', 'CII-4K3'),
('10800002', 'CII-4K3'),
('6730013', 'CII-4K3'),
('14550007', 'CII-4K3'),
('20740001', 'CII-4K3'),
('6430001', 'CII-4K3'),
('8800005', 'CII-4L3'),
('90660010', 'CII-4L3'),
('13810023', 'CII-4L3'),
('10780031', 'CII-4L3'),
('10810037', 'CII-4L3'),
('14800017', 'CII-4L3'),
('12721026', 'CII-4L3'),
('20680001', 'CII-4L3'),
('14780054', 'CII-4M3'),
('19740004', 'CII-4M3'),
('14700034', 'CII-4M3'),
('8750024', 'CII-4M3'),
('11630001', 'CII-4M3'),
('15780021', 'CII-4M3'),
('8730016', 'CII-4M3'),
('14810012', 'CII-4M3'),
('15830007', 'CII-4N3'),
('14800010', 'CII-4N3'),
('8780061', 'CII-4N3'),
('13680003', 'CII-4N3'),
('12810076', 'CII-4N3'),
('19760001', 'CII-4N3'),
('10850035', 'CII-4N3'),
('10740051', 'CII-4N3'),
('12730046', 'CII-4O3'),
('13780041', 'CII-4O3'),
('20880020', 'CII-4O3'),
('700027', 'CII-4O3'),
('13850022', 'CII-4O3'),
('1770028', 'CII-4O3'),
('8850090', 'CII-4O3'),
('1680016', 'CII-4O3'),
('8810047', 'CII-4P3'),
('6760014', 'CII-4P3'),
('9750016', 'CII-4P3'),
('12651026', 'CII-4P3'),
('14820051', 'CII-4P3'),
('10840006', 'CII-4P3'),
('20710002', 'CII-4P3'),
('20930055', 'CII-4P3'),
('14810038', 'CII-4Q3'),
('8780059', 'CII-4Q3'),
('14850019', 'CII-4Q3'),
('13560013', 'CII-4Q3'),
('14770009', 'CII-4Q3'),
('8820025', 'CII-4Q3');

-- --------------------------------------------------------

--
-- Table structure for table `mahasiswa`
--

CREATE TABLE `mahasiswa` (
  `NIM` varchar(10) NOT NULL,
  `Nama_mhs` varchar(33) NOT NULL,
  `TTL_mhs` date NOT NULL,
  `Alamat_mhs` varchar(9) NOT NULL,
  `Kelas` varchar(9) NOT NULL
) ENGINE=InnoDB DEFAULT CHARSET=utf8mb4;

--
-- Dumping data for table `mahasiswa`
--

INSERT INTO `mahasiswa` (`NIM`, `Nama_mhs`, `TTL_mhs`, `Alamat_mhs`, `Kelas`) VALUES
('1301150002', 'REZHA ANUGRAH HADI', '0000-00-00', 'Bogor', 'IF-43-02'),
('1301153619', 'SAID MUHAMMAD FIRDAUS', '0000-00-00', 'Bandung', 'IF-43-INT'),
('1301153623', 'IRSYAD AZHARUSYARIF YUDHIZA PUTRA', '0000-00-00', 'Jakarta', 'IF-43-INT'),
('1301154156', 'MUHAMMAD RIFQI HANIFA SYAHRIAL', '0000-00-00', 'Depok', 'IF-43-01'),
('1301154356', 'IBRAHIM BIMO WICAKSONO', '0000-00-00', 'Bogor', 'IF-43-02'),
('1301180238', 'DAFFA WASKITO', '0000-00-00', 'Depok', 'IF-43-01'),
('1301180377', 'YASRI RIDHO PAHLEVI', '0000-00-00', 'Bandung', 'IF-43-02'),
('1301180383', 'AMMAR AMRI', '0000-00-00', 'Aceh', 'IF-43-01'),
('1301180385', 'ANAS HAMDANI SAPUTRA', '0000-00-00', 'Bengkulu', 'IF-43-01'),
('1301180506', 'NUR AHSAR SETIYOWEN', '0000-00-00', 'Bandung', 'IF-43-INT'),
('1301180523', 'PUTRA DHARMA BANGSA', '0000-00-00', 'Manado', 'IF-43-INT'),
('1301183488', 'RADEN SA`ID PRANA PUTRA', '0000-00-00', 'Depok', 'IF-43-INT'),
('1301183515', 'AGUNG GUMILANG AZWAN', '0000-00-00', 'Bekasi', 'IF-43-INT'),
('1301184011', 'WINDU FIRMANSYACH', '0000-00-00', 'Medan', 'IF-43-01'),
('1301184060', 'DIMAS TRI RAMADHAN', '0000-00-00', 'Pekanbaru', 'IF-43-01'),
('1301184415', 'FAUZI YUSTIAN NUR ALAM', '0000-00-00', 'Padang', 'IF-43-01'),
('1301190058', 'PUTRI NURSYIFA', '0000-00-00', 'Bandung', 'IF-43-01'),
('1301190144', 'ARYA PANGESTU', '0000-00-00', 'Palembang', 'IF-43-01'),
('1301190156', 'DINDA ATIKAH WULANDARI', '0000-00-00', 'Manado', 'IF-43-01'),
('1301190184', 'PERNANDA ARYA BHAGASKARA S.M', '0000-00-00', 'Bogor', 'IF-43-INT'),
('1301190197', 'NAUFAL EDY PURWANTONO SCUDETTO', '0000-00-00', 'Bogor', 'IF-43-INT'),
('1301190234', 'ARMADHANI HIRO JUNI PERMANA', '0000-00-00', 'Bogor', 'IF-43-02'),
('1301190308', 'REYHAN SEPTRI ASTA', '0000-00-00', 'Depok', 'IF-43-02'),
('1301190323', 'IRFAN AHMAD ASQOLANI', '0000-00-00', 'Bekasi', 'IF-43-01'),
('1301190324', 'KAENOVA MAHENDRA AUDITAMA', '0000-00-00', 'Depok', 'IF-43-02'),
('1301190336', 'PUTRI SAMAPA HUTAPEA', '0000-00-00', 'Medan', 'IF-43-01'),
('1301190337', 'BAGUS SENO PAMUNGKAS', '0000-00-00', 'Bekasi', 'IF-43-01'),
('1301190338', 'ANDRE AGASI SIMANUNGKALIT', '0000-00-00', 'Aceh', 'IF-43-02'),
('1301190352', 'JEHUA KUSUMA DEWA', '0000-00-00', 'Lombok', 'IF-43-01'),
('1301190364', 'ALFINATA YUSUF SITABA', '0000-00-00', 'Bandung', 'IF-43-01'),
('1301190368', 'NAUFAL ABDIANTO', '0000-00-00', 'Bogor', 'IF-43-INT'),
('1301190377', 'SYAFIQ MUHAMMAD ARRAZZAK', '0000-00-00', 'Bandung', 'IF-43-01'),
('1301190378', 'FADHIL WISNU RAMADHAN', '0000-00-00', 'Bogor', 'IF-43-02'),
('1301190390', 'RAIHAN ALIFATHUL AGSAN', '0000-00-00', 'Manado', 'IF-43-02'),
('1301190401', 'RAFIF FAUSTA KUSUMASYAM', '0000-00-00', 'Bogor', 'IF-43-01'),
('1301190402', 'MAULANA NUR', '0000-00-00', 'Makassar', 'IF-43-02'),
('1301190416', 'OCTARIO FACHRI IRIAWAN', '0000-00-00', 'Bandung', 'IF-43-02'),
('1301190431', 'FAISAL TRI SURYA ATMAJA', '0000-00-00', 'Depok', 'IF-43-01'),
('1301190459', 'ANDI MUH. SYAHRUL ULUM', '0000-00-00', 'Depok', 'IF-43-01'),
('1301190461', 'BIJAK ALGIFAN PUTRA', '0000-00-00', 'Depok', 'IF-43-02'),
('1301191447', 'FENDI IRFAN AMOROKHMAN', '0000-00-00', 'Jakarta', 'IF-43-02'),
('1301192218', 'AKMAL RAAFID TAUFIQURRAHMAN', '0000-00-00', 'Bogor', 'IF-43-INT'),
('1301192246', 'MUHAMMAD FARHAN AKBAR', '0000-00-00', 'Bekasi', 'IF-43-INT'),
('1301192286', 'DZAKI MAHADIKA GUNARTO', '0000-00-00', 'Lombok', 'IF-43-INT'),
('1301192327', 'KHAIDIR MAULADAN', '0000-00-00', 'Bandung', 'IF-43-INT'),
('1301193161', 'ANGGI RODESA SASABELLA', '0000-00-00', 'Bandung', 'IF-43-INT'),
('1301193293', 'RACHDIAN HABI YAHYA', '0000-00-00', 'Bekasi', 'IF-43-02'),
('1301194001', 'NAJLA NUR ADILA', '0000-00-00', 'Aceh', 'IF-43-01'),
('1301194002', 'WINDY RAMADHANTI', '0000-00-00', 'Bekasi', 'IF-43-02'),
('1301194003', 'FARISHADI MUFAKKIR AZIZY', '0000-00-00', 'Bengkulu', 'IF-43-01'),
('1301194004', 'YANTRISNANDRA AKBAR MAULINO', '0000-00-00', 'Lombok', 'IF-43-02'),
('1301194016', 'MASWAN PRATAMA PUTRA', '0000-00-00', 'Medan', 'IF-43-01'),
('1301194017', 'DIPDHA TURFAQINTAR ASWAJ MARZUKI', '0000-00-00', 'Bandung', 'IF-43-02'),
('1301194029', 'ADITYA ANDAR RAHIM', '0000-00-00', 'Pekanbaru', 'IF-43-01'),
('1301194030', 'M. DONY SAMDHILA YASIN', '0000-00-00', 'Bogor', 'IF-43-02'),
('1301194048', 'RAIHAN SAIFUTRA', '0000-00-00', 'Bogor', 'IF-43-01'),
('1301194049', 'FAISHAL JANUARAHMAN', '0000-00-00', 'Bogor', 'IF-43-02'),
('1301194062', 'REZI ICHSANNUR ARSYI', '0000-00-00', 'Bogor', 'IF-43-01'),
('1301194063', 'ADHE AKRAM AZHARI', '0000-00-00', 'Bogor', 'IF-43-02'),
('1301194077', 'MUHAMMAD AZRIEL SATRIAMAN', '0000-00-00', 'Bogor', 'IF-43-01'),
('1301194079', 'RIFKI ADI PRAMANA', '0000-00-00', 'Bandung', 'IF-43-02'),
('1301194095', 'DITYA ATHALLAH', '0000-00-00', 'Bogor', 'IF-43-INT'),
('1301194098', 'NUR LAILI RAMADHANI', '0000-00-00', 'Bogor', 'IF-43-01'),
('1301194099', 'DEVILA NURTADJMI ADIARNI', '0000-00-00', 'Bogor', 'IF-43-02'),
('1301194101', 'FAUZI ARYA SURYA ABADI', '0000-00-00', 'Bekasi', 'IF-43-01'),
('1301194109', 'AULIA ALIEF RACHMANDA', '0000-00-00', 'Depok', 'IF-43-02'),
('1301194120', 'DIAZ TIYASYA PUTRA', '0000-00-00', 'Lombok', 'IF-43-01'),
('1301194122', 'FATUR RAHMAN', '0000-00-00', 'Depok', 'IF-43-02'),
('1301194126', 'REIKO SRI RAHMASARI', '0000-00-00', 'Bandung', 'IF-43-01'),
('1301194127', 'ELITA AURORA AZ ZAHRA', '0000-00-00', 'Aceh', 'IF-43-02'),
('1301194159', 'ROMANSA ANDINAR PRATAMA', '0000-00-00', 'Bandung', 'IF-43-01'),
('1301194177', 'NAUFAL XEELA PANDITYATAMA', '0000-00-00', 'Depok', 'IF-43-INT'),
('1301194178', 'MEIZAN ARTHUR ALFIANTO', '0000-00-00', 'Depok', 'IF-43-INT'),
('1301194192', 'RIZKI NABIL AUFA', '0000-00-00', 'Bogor', 'IF-43-01'),
('1301194195', 'AULIA RAHMAN ARIF WAHYUDI', '0000-00-00', 'Aceh', 'IF-43-INT'),
('1301194212', 'ZAHRA FADIAH PUTRI', '0000-00-00', 'Depok', 'IF-43-01'),
('1301194214', 'MUHAMMAD FURQON FAHLEVI', '0000-00-00', 'Bogor', 'IF-43-INT'),
('1301194216', 'RAFLY ATHALLA FARIZAN', '0000-00-00', 'Depok', 'IF-43-01'),
('1301194232', 'RISYAD FAISAL HADI', '0000-00-00', 'Manado', 'IF-43-INT'),
('1301194233', 'MUH AKIB A YANI', '0000-00-00', 'Aceh', 'IF-43-01'),
('1301194236', 'HILAL RAMADHAN UTOMO', '0000-00-00', 'Makassar', 'IF-43-INT'),
('1301194245', 'RIDHO NOBELINO SABILILLAH', '0000-00-00', 'Bandung', 'IF-43-INT'),
('1301194247', 'RIFALDY BINTANG RAMADHAN', '0000-00-00', 'Depok', 'IF-43-INT'),
('1301194248', 'DHARAKA PRANAMYA MAHADHIKA DAMAR', '0000-00-00', 'Jakarta', 'IF-43-INT'),
('1301194252', 'PUTU BUDI SUKARYA PUTRA P. OKA', '0000-00-00', 'Bekasi', 'IF-43-INT'),
('1301194254', 'ANINDIKA RISKA INTAN FAUZY', '0000-00-00', 'Bogor', 'IF-43-01'),
('1301194259', 'HAJAROT NAJIHA', '0000-00-00', 'Bekasi', 'IF-43-INT'),
('1301194263', 'FAUZAAN RAKAN TAMA', '0000-00-00', 'Manado', 'IF-43-01'),
('1301194264', 'ANDI ACHMAD ADJIE', '0000-00-00', 'Lombok', 'IF-43-INT'),
('1301194266', 'RIZQI KHOIR Y', '0000-00-00', 'Bandung', 'IF-43-INT'),
('1301194276', 'MUHAMMAD ILHAM MUBARAK', '0000-00-00', 'Bandung', 'IF-43-INT'),
('1301194278', 'DANIEL SANTANA TAMBUNAN', '0000-00-00', 'Depok', 'IF-43-01'),
('1301194292', 'GUNAWAN NUR AHMAD', '0000-00-00', 'Depok', 'IF-43-01'),
('1301194296', 'IQBAL MEIHENRA', '0000-00-00', 'Bogor', 'IF-43-INT'),
('1301194307', 'TONI PERKASA DARMAWAN', '0000-00-00', 'Aceh', 'IF-43-01'),
('1301194389', 'MUHAMMAD GHAZALI AL GHIFARI', '0000-00-00', 'Bengkulu', 'IF-43-01'),
('1301194415', 'DINDIN INAS CANDRA WIGUNA', '0000-00-00', 'Medan', 'IF-43-01'),
('1301194446', 'MUHAMMAD IHSAN ADLY', '0000-00-00', 'Pekanbaru', 'IF-43-01'),
('1301194456', 'MEGA VEBIKA SHYAHRIN', '0000-00-00', 'Bogor', 'IF-43-01'),
('1301194473', 'MUHAMMAD ZALFA THORIQ', '0000-00-00', 'Bogor', 'IF-43-01');

-- --------------------------------------------------------

--
-- Table structure for table `mata_kuliah`
--

CREATE TABLE `mata_kuliah` (
  `Kode_mk` varchar(7) NOT NULL,
  `Nama_MK` varchar(39) NOT NULL,
  `Jumlah_SKS` int(11) NOT NULL
) ENGINE=InnoDB DEFAULT CHARSET=utf8mb4;

--
-- Dumping data for table `mata_kuliah`
--

INSERT INTO `mata_kuliah` (`Kode_mk`, `Nama_MK`, `Jumlah_SKS`) VALUES
('CII-1A3', 'Pengenalan Pemrograman', 3),
('CII-1B3', 'Logika Matematika', 3),
('CII-1C2', 'Statistika', 2),
('CII-1D3', 'Kalkulus', 3),
('CII-1E3', 'Pendidikan Karakter', 3),
('CII-1F4', 'Algoritma Pemrograman', 4),
('CII-1G3', 'Matematika Diskrit', 3),
('CII-1H3', 'Kalkulus Lanjut', 3),
('CII-1I3', 'Sistem Digital', 3),
('CII-1J3', 'Pemodelan Basis Data', 3),
('CII-2A3', 'Organisasi dan Arsitektur Komputer', 3),
('CII-2B4', 'Struktur Data', 4),
('CII-2C2', 'Analisis Kompleksitas Algoritma', 2),
('CII-2D3', 'Matriks dan Ruang Vektor', 3),
('CII-2E2', 'RPL: Analisis Kebutuhan', 2),
('CII-2F3', 'Sistem Basis Data', 3),
('CII-2G3', 'Teori Peluang', 3),
('CII-2H3', 'Sistem Operasi', 3),
('CII-2I2', 'Wawasan Global TIK', 2),
('CII-2J4', 'Jaringan Komputer', 4),
('CII-2K3', 'Strategi Algoritma', 3),
('CII-2L3', 'Teori Bahasa dan Automata', 3),
('CII-2M3', 'Pengantar Kecerdasan Buatan', 3),
('CII-3A3', 'Interaksi Manusia Komputer', 3),
('CII-3B4', 'Pemrograman Berorientasi Objek', 4),
('CII-3C3', 'Pembelajaran Mesin', 3),
('CII-3D4', 'Sistem Paralel dan Terdistribusi', 4),
('CII-3E3', 'Keamanan Siber', 3),
('CII-3F1', 'Informatika untuk Masyarakat', 1),
('CII-3G3', 'Manajemen Proyek', 3),
('CII-3H4', 'Aplikasi Berbasis Platform', 4),
('CII-3I3', 'Bahasa Inggris untuk Presentasi', 3),
('CII-3J4', 'RPL: Desain dan Implementasi', 4),
('CII-3K2', 'Sosio-Informatik dan Keprofesian', 2),
('CII-3L3', 'Pembelajaran Mesin Lanjut', 3),
('CII-3M3', 'Representasi Pengetahuan', 3),
('CII-3N3', 'Sistem Multi Agen', 3),
('CII-3O3', 'IoT dengan Kemampuan Cerdas', 3),
('CII-3P3', 'Pemodelan dan Simulasi', 3),
('CII-4A2', 'Penulisan Proposal', 2),
('CII-4B3', 'Kerja Praktik', 3),
('CII-4C3', 'Tata Tulis Ilmiah', 3),
('CII-4D3', 'Bahasa Inggris untuk Karier', 3),
('CII-4E4', 'Tugas Akhir', 4),
('CII-4F3', 'Pemrosesan Citra Digital', 3),
('CII-4G3', 'Pemrosesan Bahasa Alami', 3),
('CII-4H3', 'Sistem Pemberi Rekomendasi', 3),
('CII-4I3', 'Penambangan Data', 3),
('CII-4J3', 'Analisis Performansi Jaringan Komputer', 3),
('CII-4K3', 'Sistem Keamanan Cerdas', 3),
('CII-4L3', 'Visualisasi Data', 3),
('CII-4M3', 'Metode Numerik untuk Informatika', 3),
('CII-4N3', 'Desain Interaksi', 3),
('CII-4O3', 'Analisis Jejaring Sosial', 3),
('CII-4P3', 'Komputasi Berkinerja Tinggi', 3),
('CII-4Q3', 'Visi Komputer', 3),
('CII-4R3', 'Forensik Digital', 3),
('CII-4S3', 'Verifikasi dan Validasi Perangkat Lunak', 3),
('DUH2A2', 'Kewirausahaan', 2),
('FEH2D2', 'Studium General', 2),
('FEH2E2', 'Ekonomi Teknik B', 2),
('FEH3A3', 'Pengolahan Sinyal Waktu Diskrit', 3),
('TTH3A4', 'Sistem Komunikasi', 4),
('TTH3B3', 'Elektromagnetika Telekomunikasi', 3),
('TTH3C3', 'Jaringan Komunikasi Data', 3),
('TTH3D3', 'Pemrograman Berbasis Objek', 3),
('TTH3E1', 'Praktikum Teknik Telekomunikasi III', 1),
('TTH3F1', 'Praktikum Teknik Telekomunikasi IV', 1),
('TTH3G3', 'Antena dan Propagasi', 3),
('TTH3H3', 'Sistem Komunikasi Optik', 3),
('TTH3I3', 'Elektronika Telekomunikasi', 3),
('TTH3J3', 'Rekayasa Trafik', 3),
('TTH3K3', 'Keamanan Jaringan', 3),
('TTH4D3', 'New Generation Network', 3),
('TTH4E3', 'Software Defined Network', 3),
('TTH4F3', 'Jaringan Nirkabel', 3),
('TTH4G3', 'Model dan Simulasi Jaringan Komunikasi', 3),
('TTH4H3', 'Komunikasi Nirkabel Pita Lebar', 3),
('TTH4I3', 'Rekayasa Radio', 3),
('TTH4J3', 'Sistem Komunikasi Satelit', 3),
('TTH4K3', 'Radar, Navigasi dan Remote Sensing', 3),
('TTH4L3', 'Komunikasi Optik Lanjut', 3),
('TTH4M3', 'Aplikasi Bergerak', 3),
('TTH4N3', 'Koding dan Kompresi', 3),
('TTH4O3', 'Speech Processing', 3),
('TTH4P3', 'Computer Vision', 3),
('TTH4Q3', 'Steganografi and Watermarking', 3),
('UAI-1_2', 'Agama', 2),
('UKI-1B2', 'Pancasila', 2),
('UKI-1C2', 'Bahasa Indonesia', 2),
('UKI-2A2', 'Kewarganegaraan', 2),
('UWI-1A2', 'Bahasa Inggris: Dasar', 2),
('UWI-3A2', 'Kewirausahaan', 2),
('VKI2F3', 'Administrasi Jaringan', 3),
('VKI2G3', 'Jaringan Lanjut', 3),
('VKI2H3', 'Keamanan Jaringan', 3),
('VKI2I3', 'Sistem Kendali', 3),
('VKI2J4', 'Sistem PLC', 4),
('VKI2K2', 'Teknik Presentasi dan Pelaporan', 2),
('VKI2L2', 'Bahasa Inggris 2', 2);

-- --------------------------------------------------------

--
-- Table structure for table `mhs`
--

CREATE TABLE `mhs` (
  `NIM` varchar(10) NOT NULL,
  `Kode_mk` varchar(7) NOT NULL
) ENGINE=InnoDB DEFAULT CHARSET=utf8mb4;

--
-- Dumping data for table `mhs`
--

INSERT INTO `mhs` (`NIM`, `Kode_mk`) VALUES
('1301153619', 'UKI-1C2'),
('1301153619', 'UKI-1B2'),
('1301153619', 'CII-1A3'),
('1301153619', 'CII-1B3'),
('1301153619', 'CII-1C2'),
('1301153623', 'UKI-1C2'),
('1301153623', 'UKI-1B2'),
('1301153623', 'CII-1A3'),
('1301153623', 'CII-1B3'),
('1301153623', 'CII-1C2'),
('1301180506', 'UKI-1C2'),
('1301180506', 'UKI-1B2'),
('1301180506', 'CII-1A3'),
('1301180506', 'CII-1B3'),
('1301180506', 'CII-1C2'),
('1301180523', 'UKI-1C2'),
('1301180523', 'UKI-1B2'),
('1301180523', 'CII-1A3'),
('1301180523', 'CII-1B3'),
('1301180523', 'CII-1C2'),
('1301183488', 'UKI-1C2'),
('1301183488', 'UKI-1B2'),
('1301183488', 'CII-1A3'),
('1301183488', 'CII-1B3'),
('1301183488', 'CII-1C2'),
('1301183488', 'UKI-1C2'),
('1301183488', 'UKI-1B2'),
('1301183488', 'CII-1A3'),
('1301183488', 'CII-1B3'),
('1301183488', 'CII-1C2'),
('1301183515', 'UKI-1C2'),
('1301183515', 'UKI-1B2'),
('1301183515', 'CII-1A3'),
('1301183515', 'CII-1B3'),
('1301183515', 'CII-1C2'),
('1301190184', 'UKI-1C2'),
('1301190184', 'UKI-1B2'),
('1301190184', 'CII-1A3'),
('1301190184', 'CII-1B3'),
('1301190184', 'CII-1C2'),
('1301190197', 'UKI-1C2'),
('1301190197', 'UKI-1B2'),
('1301190197', 'CII-1A3'),
('1301190197', 'CII-1B3'),
('1301190197', 'CII-1C2'),
('1301190368', 'UKI-1C2'),
('1301190368', 'UKI-1B2'),
('1301190368', 'CII-1A3'),
('1301190368', 'CII-1B3'),
('1301190368', 'CII-1C2'),
('1301192218', 'UKI-1C2'),
('1301192218', 'UKI-1B2'),
('1301192218', 'CII-1A3'),
('1301192218', 'CII-1B3'),
('1301192218', 'CII-1C2'),
('1301192246', 'UKI-1C2'),
('1301192246', 'UKI-1B2'),
('1301192246', 'CII-1A3'),
('1301192246', 'CII-1B3'),
('1301192246', 'CII-1C2'),
('1301192286', 'UKI-1C2'),
('1301192286', 'UKI-1B2'),
('1301192286', 'CII-1A3'),
('1301192286', 'CII-1B3'),
('1301192286', 'CII-1C2'),
('1301192286', 'UKI-1C2'),
('1301192286', 'UKI-1B2'),
('1301192286', 'CII-1A3'),
('1301192286', 'CII-1B3'),
('1301192286', 'CII-1C2'),
('1301192327', 'UKI-1C2'),
('1301192327', 'UKI-1B2'),
('1301192327', 'CII-1A3'),
('1301192327', 'CII-1B3'),
('1301192327', 'CII-1C2'),
('1301193161', 'UKI-1C2'),
('1301193161', 'UKI-1B2'),
('1301193161', 'CII-1A3'),
('1301193161', 'CII-1B3'),
('1301193161', 'CII-1C2'),
('1301194095', 'UKI-1C2'),
('1301194095', 'UKI-1B2'),
('1301194095', 'CII-1A3'),
('1301194095', 'CII-1B3'),
('1301194095', 'CII-1C2'),
('1301194177', 'UKI-1C2'),
('1301194177', 'UKI-1B2'),
('1301194177', 'CII-1A3'),
('1301194177', 'CII-1B3'),
('1301194177', 'CII-1C2'),
('1301194178', 'UKI-1C2'),
('1301194178', 'UKI-1B2'),
('1301194178', 'CII-1A3'),
('1301194178', 'CII-1B3'),
('1301194178', 'CII-1C2'),
('1301194195', 'UKI-1C2'),
('1301194195', 'UKI-1B2'),
('1301194195', 'CII-1A3'),
('1301194195', 'CII-1B3'),
('1301194195', 'CII-1C2'),
('1301194214', 'CII-1D3'),
('1301194214', 'CII-1E3'),
('1301194214', 'UAI-1_2'),
('1301194214', 'UWI-1A2'),
('1301194214', 'CII-1F4'),
('1301194232', 'CII-1D3'),
('1301194232', 'CII-1E3'),
('1301194232', 'UAI-1_2'),
('1301194232', 'UWI-1A2'),
('1301194232', 'CII-1F4'),
('1301194236', 'CII-1D3'),
('1301194236', 'CII-1E3'),
('1301194236', 'UAI-1_2'),
('1301194236', 'UWI-1A2'),
('1301194236', 'CII-1F4'),
('1301194245', 'CII-1D3'),
('1301194245', 'CII-1E3'),
('1301194245', 'UAI-1_2'),
('1301194245', 'UWI-1A2'),
('1301194245', 'CII-1F4'),
('1301194247', 'CII-1D3'),
('1301194247', 'CII-1E3'),
('1301194247', 'UAI-1_2'),
('1301194247', 'UWI-1A2'),
('1301194247', 'CII-1F4'),
('1301194248', 'CII-1D3'),
('1301194248', 'CII-1E3'),
('1301194248', 'UAI-1_2'),
('1301194248', 'UWI-1A2'),
('1301194248', 'CII-1F4'),
('1301194252', 'CII-1D3'),
('1301194252', 'CII-1E3'),
('1301194252', 'UAI-1_2'),
('1301194252', 'UWI-1A2'),
('1301194252', 'CII-1F4'),
('1301194259', 'CII-1D3'),
('1301194259', 'CII-1E3'),
('1301194259', 'UAI-1_2'),
('1301194259', 'UWI-1A2'),
('1301194259', 'CII-1F4'),
('1301194264', 'CII-1D3'),
('1301194264', 'CII-1E3'),
('1301194264', 'UAI-1_2'),
('1301194264', 'UWI-1A2'),
('1301194264', 'CII-1F4'),
('1301194266', 'CII-1D3'),
('1301194266', 'CII-1E3'),
('1301194266', 'UAI-1_2'),
('1301194266', 'UWI-1A2'),
('1301194266', 'CII-1F4'),
('1301194276', 'CII-1D3'),
('1301194276', 'CII-1E3'),
('1301194276', 'UAI-1_2'),
('1301194276', 'UWI-1A2'),
('1301194276', 'CII-1F4'),
('1301194296', 'CII-1D3'),
('1301194296', 'CII-1E3'),
('1301194296', 'UAI-1_2'),
('1301194296', 'UWI-1A2'),
('1301194296', 'CII-1F4'),
('1301154156', 'CII-1D3'),
('1301154156', 'CII-1E3'),
('1301154156', 'UAI-1_2'),
('1301154156', 'UWI-1A2'),
('1301154156', 'CII-1F4'),
('1301180238', 'CII-1D3'),
('1301180238', 'CII-1E3'),
('1301180238', 'UAI-1_2'),
('1301180238', 'UWI-1A2'),
('1301180238', 'CII-1F4'),
('1301180383', 'CII-1D3'),
('1301180383', 'CII-1E3'),
('1301180383', 'UAI-1_2'),
('1301180383', 'UWI-1A2'),
('1301180383', 'CII-1F4'),
('1301180385', 'CII-1D3'),
('1301180385', 'CII-1E3'),
('1301180385', 'UAI-1_2'),
('1301180385', 'UWI-1A2'),
('1301180385', 'CII-1F4'),
('1301184011', 'CII-1D3'),
('1301184011', 'CII-1E3'),
('1301184011', 'UAI-1_2'),
('1301184011', 'UWI-1A2'),
('1301184011', 'CII-1F4'),
('1301184060', 'CII-1D3'),
('1301184060', 'CII-1E3'),
('1301184060', 'UAI-1_2'),
('1301184060', 'UWI-1A2'),
('1301184060', 'CII-1F4'),
('1301184415', 'CII-1D3'),
('1301184415', 'CII-1E3'),
('1301184415', 'UAI-1_2'),
('1301184415', 'UWI-1A2'),
('1301184415', 'CII-1F4'),
('1301190058', 'CII-1D3'),
('1301190058', 'CII-1E3'),
('1301190058', 'UAI-1_2'),
('1301190058', 'UWI-1A2'),
('1301190058', 'CII-1F4'),
('1301190144', 'CII-1G3'),
('1301190144', 'CII-1H3'),
('1301190144', 'CII-1I3'),
('1301190144', 'CII-1J3'),
('1301190144', 'CII-2A3'),
('1301190144', 'CII-2B4'),
('1301190156', 'CII-1G3'),
('1301190156', 'CII-1H3'),
('1301190156', 'CII-1I3'),
('1301190156', 'CII-1J3'),
('1301190156', 'CII-2A3'),
('1301190156', 'CII-2B4'),
('1301190323', 'CII-1G3'),
('1301190323', 'CII-1H3'),
('1301190323', 'CII-1I3'),
('1301190323', 'CII-1J3'),
('1301190323', 'CII-2A3'),
('1301190323', 'CII-2B4'),
('1301190336', 'CII-1G3'),
('1301190336', 'CII-1H3'),
('1301190336', 'CII-1I3'),
('1301190336', 'CII-1J3'),
('1301190336', 'CII-2A3'),
('1301190336', 'CII-2B4'),
('1301190337', 'CII-1G3'),
('1301190337', 'CII-1H3'),
('1301190337', 'CII-1I3'),
('1301190337', 'CII-1J3'),
('1301190337', 'CII-2A3'),
('1301190337', 'CII-2B4'),
('1301190352', 'CII-1G3'),
('1301190352', 'CII-1H3'),
('1301190352', 'CII-1I3'),
('1301190352', 'CII-1J3'),
('1301190352', 'CII-2A3'),
('1301190352', 'CII-2B4'),
('1301190364', 'CII-1G3'),
('1301190364', 'CII-1H3'),
('1301190364', 'CII-1I3'),
('1301190364', 'CII-1J3'),
('1301190364', 'CII-2A3'),
('1301190364', 'CII-2B4'),
('1301190377', 'CII-1G3'),
('1301190377', 'CII-1H3'),
('1301190377', 'CII-1I3'),
('1301190377', 'CII-1J3'),
('1301190377', 'CII-2A3'),
('1301190377', 'CII-2B4'),
('1301190401', 'CII-1G3'),
('1301190401', 'CII-1H3'),
('1301190401', 'CII-1I3'),
('1301190401', 'CII-1J3'),
('1301190401', 'CII-2A3'),
('1301190401', 'CII-2B4'),
('1301190431', 'CII-1G3'),
('1301190431', 'CII-1H3'),
('1301190431', 'CII-1I3'),
('1301190431', 'CII-1J3'),
('1301190431', 'CII-2A3'),
('1301190431', 'CII-2B4'),
('1301190459', 'CII-1G3'),
('1301190459', 'CII-1H3'),
('1301190459', 'CII-1I3'),
('1301190459', 'CII-1J3'),
('1301190459', 'CII-2A3'),
('1301190459', 'CII-2B4'),
('1301194001', 'CII-1G3'),
('1301194001', 'CII-1H3'),
('1301194001', 'CII-1I3'),
('1301194001', 'CII-1J3'),
('1301194001', 'CII-2A3'),
('1301194001', 'CII-2B4'),
('1301194003', 'CII-1G3'),
('1301194003', 'CII-1H3'),
('1301194003', 'CII-1I3'),
('1301194003', 'CII-1J3'),
('1301194003', 'CII-2A3'),
('1301194003', 'CII-2B4'),
('1301194016', 'CII-1G3'),
('1301194016', 'CII-1H3'),
('1301194016', 'CII-1I3'),
('1301194016', 'CII-1J3'),
('1301194016', 'CII-2A3'),
('1301194016', 'CII-2B4'),
('1301194029', 'CII-1G3'),
('1301194029', 'CII-1H3'),
('1301194029', 'CII-1I3'),
('1301194029', 'CII-1J3'),
('1301194029', 'CII-2A3'),
('1301194029', 'CII-2B4'),
('1301194048', 'CII-1G3'),
('1301194048', 'CII-1H3'),
('1301194048', 'CII-1I3'),
('1301194048', 'CII-1J3'),
('1301194048', 'CII-2A3'),
('1301194048', 'CII-2B4'),
('1301194062', 'CII-2C2'),
('1301194062', 'CII-2D3'),
('1301194062', 'CII-2E2'),
('1301194062', 'CII-2F3'),
('1301194062', 'CII-2G3'),
('1301194062', 'UKI-2A2'),
('1301194077', 'CII-2C2'),
('1301194077', 'CII-2D3'),
('1301194077', 'CII-2E2'),
('1301194077', 'CII-2F3'),
('1301194077', 'CII-2G3'),
('1301194077', 'UKI-2A2'),
('1301194098', 'CII-2C2'),
('1301194098', 'CII-2D3'),
('1301194098', 'CII-2E2'),
('1301194098', 'CII-2F3'),
('1301194098', 'CII-2G3'),
('1301194098', 'UKI-2A2'),
('1301194101', 'CII-2C2'),
('1301194101', 'CII-2D3'),
('1301194101', 'CII-2E2'),
('1301194101', 'CII-2F3'),
('1301194101', 'CII-2G3'),
('1301194101', 'UKI-2A2'),
('1301194120', 'CII-2C2'),
('1301194120', 'CII-2D3'),
('1301194120', 'CII-2E2'),
('1301194120', 'CII-2F3'),
('1301194120', 'CII-2G3'),
('1301194120', 'UKI-2A2'),
('1301194120', 'CII-2C2'),
('1301194120', 'CII-2D3'),
('1301194120', 'CII-2E2'),
('1301194120', 'CII-2F3'),
('1301194120', 'CII-2G3'),
('1301194120', 'UKI-2A2'),
('1301194126', 'CII-2C2'),
('1301194126', 'CII-2D3'),
('1301194126', 'CII-2E2'),
('1301194126', 'CII-2F3'),
('1301194126', 'CII-2G3'),
('1301194126', 'UKI-2A2'),
('1301194159', 'CII-2C2'),
('1301194159', 'CII-2D3'),
('1301194159', 'CII-2E2'),
('1301194159', 'CII-2F3'),
('1301194159', 'CII-2G3'),
('1301194159', 'UKI-2A2'),
('1301194192', 'CII-2C2'),
('1301194192', 'CII-2D3'),
('1301194192', 'CII-2E2'),
('1301194192', 'CII-2F3'),
('1301194192', 'CII-2G3'),
('1301194192', 'UKI-2A2'),
('1301194212', 'CII-2C2'),
('1301194212', 'CII-2D3'),
('1301194212', 'CII-2E2'),
('1301194212', 'CII-2F3'),
('1301194212', 'CII-2G3'),
('1301194212', 'UKI-2A2'),
('1301194216', 'CII-2C2'),
('1301194216', 'CII-2D3'),
('1301194216', 'CII-2E2'),
('1301194216', 'CII-2F3'),
('1301194216', 'CII-2G3'),
('1301194216', 'UKI-2A2'),
('1301194233', 'CII-2C2'),
('1301194233', 'CII-2D3'),
('1301194233', 'CII-2E2'),
('1301194233', 'CII-2F3'),
('1301194233', 'CII-2G3'),
('1301194233', 'UKI-2A2'),
('1301194254', 'CII-2C2'),
('1301194254', 'CII-2D3'),
('1301194254', 'CII-2E2'),
('1301194254', 'CII-2F3'),
('1301194254', 'CII-2G3'),
('1301194254', 'UKI-2A2'),
('1301194263', 'CII-2C2'),
('1301194278', 'CII-2C2'),
('1301194292', 'CII-2C2'),
('1301194307', 'CII-2C2'),
('1301194389', 'CII-2C2'),
('1301194415', 'CII-2C2'),
('1301194446', 'CII-2C2'),
('1301194456', 'CII-2C2'),
('1301194473', 'CII-2C2'),
('1301150002', 'CII-2C2'),
('1301154356', 'CII-2C2'),
('1301180377', 'CII-2C2'),
('1301190234', 'CII-2C2'),
('1301190308', 'CII-2C2'),
('1301190324', 'CII-2C2'),
('1301190338', 'CII-2C2'),
('1301190378', 'CII-2C2'),
('1301190390', 'CII-2C2'),
('1301190402', 'CII-2C2'),
('1301190416', 'CII-2C2'),
('1301190461', 'CII-2C2'),
('1301191447', 'CII-2C2'),
('1301193293', 'CII-2C2'),
('1301194002', 'CII-2C2'),
('1301194004', 'CII-2C2'),
('1301194017', 'CII-2C2'),
('1301194030', 'CII-2C2'),
('1301194049', 'CII-2C2'),
('1301194063', 'CII-2C2'),
('1301194079', 'CII-2C2'),
('1301194099', 'CII-2C2'),
('1301194109', 'CII-2C2'),
('1301194122', 'CII-2C2'),
('1301194127', 'CII-2C2'),
('1301194263', 'CII-2D3'),
('1301194278', 'CII-2D3'),
('1301194292', 'CII-2D3'),
('1301194307', 'CII-2D3'),
('1301194389', 'CII-2D3'),
('1301194415', 'CII-2D3'),
('1301194446', 'CII-2D3'),
('1301194456', 'CII-2D3'),
('1301194473', 'CII-2D3'),
('1301150002', 'CII-2D3'),
('1301154356', 'CII-2D3'),
('1301180377', 'CII-2D3'),
('1301190234', 'CII-2D3'),
('1301190308', 'CII-2D3'),
('1301190324', 'CII-2D3'),
('1301190338', 'CII-2D3'),
('1301190378', 'CII-2D3'),
('1301190390', 'CII-2D3'),
('1301190402', 'CII-2D3'),
('1301190416', 'CII-2D3'),
('1301190461', 'CII-2D3'),
('1301191447', 'CII-2D3'),
('1301193293', 'CII-2D3'),
('1301194002', 'CII-2D3'),
('1301194004', 'CII-2D3'),
('1301194017', 'CII-2D3'),
('1301194030', 'CII-2D3'),
('1301194049', 'CII-2D3'),
('1301194063', 'CII-2D3'),
('1301194079', 'CII-2D3'),
('1301194099', 'CII-2D3'),
('1301194109', 'CII-2D3'),
('1301194122', 'CII-2D3'),
('1301194127', 'CII-2D3'),
('1301194263', 'CII-2E2'),
('1301194278', 'CII-2E2'),
('1301194292', 'CII-2E2'),
('1301194307', 'CII-2E2'),
('1301194389', 'CII-2E2'),
('1301194415', 'CII-2E2'),
('1301194446', 'CII-2E2'),
('1301194456', 'CII-2E2'),
('1301194473', 'CII-2E2'),
('1301150002', 'CII-2E2'),
('1301154356', 'CII-2E2'),
('1301180377', 'CII-2E2'),
('1301190234', 'CII-2E2'),
('1301190308', 'CII-2E2'),
('1301190324', 'CII-2E2'),
('1301190338', 'CII-2E2'),
('1301190378', 'CII-2E2'),
('1301190390', 'CII-2E2'),
('1301190402', 'CII-2E2'),
('1301190416', 'CII-2E2'),
('1301190461', 'CII-2E2'),
('1301191447', 'CII-2E2'),
('1301193293', 'CII-2E2'),
('1301194002', 'CII-2E2'),
('1301194004', 'CII-2E2'),
('1301194017', 'CII-2E2'),
('1301194030', 'CII-2E2'),
('1301194049', 'CII-2E2'),
('1301194063', 'CII-2E2'),
('1301194079', 'CII-2E2'),
('1301194099', 'CII-2E2'),
('1301194109', 'CII-2E2'),
('1301194122', 'CII-2E2'),
('1301194127', 'CII-2E2'),
('1301194263', 'CII-2F3'),
('1301194278', 'CII-2F3'),
('1301194292', 'CII-2F3'),
('1301194307', 'CII-2F3'),
('1301194389', 'CII-2F3'),
('1301194415', 'CII-2F3'),
('1301194446', 'CII-2F3'),
('1301194456', 'CII-2F3'),
('1301194473', 'CII-2F3'),
('1301150002', 'CII-2F3'),
('1301154356', 'CII-2F3'),
('1301180377', 'CII-2F3'),
('1301190234', 'CII-2F3'),
('1301190308', 'CII-2F3'),
('1301190324', 'CII-2F3'),
('1301190338', 'CII-2F3'),
('1301190378', 'CII-2F3'),
('1301190390', 'CII-2F3'),
('1301190402', 'CII-2F3'),
('1301190416', 'CII-2F3'),
('1301190461', 'CII-2F3'),
('1301191447', 'CII-2F3'),
('1301193293', 'CII-2F3'),
('1301194002', 'CII-2F3'),
('1301194004', 'CII-2F3'),
('1301194017', 'CII-2F3'),
('1301194030', 'CII-2F3'),
('1301194049', 'CII-2F3'),
('1301194063', 'CII-2F3'),
('1301194079', 'CII-2F3'),
('1301194099', 'CII-2F3'),
('1301194109', 'CII-2F3'),
('1301194122', 'CII-2F3'),
('1301194127', 'CII-2F3'),
('1301194263', 'CII-2G3'),
('1301194278', 'CII-2G3'),
('1301194292', 'CII-2G3'),
('1301194307', 'CII-2G3'),
('1301194389', 'CII-2G3'),
('1301194415', 'CII-2G3'),
('1301194446', 'CII-2G3'),
('1301194456', 'CII-2G3'),
('1301194473', 'CII-2G3'),
('1301150002', 'CII-2G3'),
('1301154356', 'CII-2G3'),
('1301180377', 'CII-2G3'),
('1301190234', 'CII-2G3'),
('1301190308', 'CII-2G3'),
('1301190324', 'CII-2G3'),
('1301190338', 'CII-2G3'),
('1301190378', 'CII-2G3'),
('1301190390', 'CII-2G3'),
('1301190402', 'CII-2G3'),
('1301190416', 'CII-2G3'),
('1301190461', 'CII-2G3'),
('1301191447', 'CII-2G3'),
('1301193293', 'CII-2G3'),
('1301194002', 'CII-2G3'),
('1301194004', 'CII-2G3'),
('1301194017', 'CII-2G3'),
('1301194030', 'CII-2G3'),
('1301194049', 'CII-2G3'),
('1301194063', 'CII-2G3'),
('1301194079', 'CII-2G3'),
('1301194099', 'CII-2G3'),
('1301194109', 'CII-2G3'),
('1301194122', 'CII-2G3'),
('1301194127', 'CII-2G3');

--
-- Indexes for dumped tables
--

--
-- Indexes for table `dosen`
--
ALTER TABLE `dosen`
  ADD PRIMARY KEY (`NIP`);

--
-- Indexes for table `dsn`
--
ALTER TABLE `dsn`
  ADD KEY `NIP_Index` (`NIP`),
  ADD KEY `Kode_mk` (`Kode_mk`);

--
-- Indexes for table `mahasiswa`
--
ALTER TABLE `mahasiswa`
  ADD PRIMARY KEY (`NIM`);

--
-- Indexes for table `mata_kuliah`
--
ALTER TABLE `mata_kuliah`
  ADD PRIMARY KEY (`Kode_mk`);

--
-- Indexes for table `mhs`
--
ALTER TABLE `mhs`
  ADD KEY `NIM_Index` (`NIM`) USING BTREE,
  ADD KEY `Kode_mk` (`Kode_mk`);
COMMIT;

/*!40101 SET CHARACTER_SET_CLIENT=@OLD_CHARACTER_SET_CLIENT */;
/*!40101 SET CHARACTER_SET_RESULTS=@OLD_CHARACTER_SET_RESULTS */;
/*!40101 SET COLLATION_CONNECTION=@OLD_COLLATION_CONNECTION */;
